id,author,English title,Syriac title
1.txt,Aphrahat,"Demonstration 1: On Faith","ܬܚܘܝܬܐ ܕܗܝܡܢܘܬܐ"
2.txt,Aphrahat,"Demonstration 2: On Love","ܬܚܘܝܬܐ ܕܚܘܒܐ"
3.txt,Aphrahat,"Demonstration 3: On Fasting","ܬܚܘܝܬܐ ܕܨܘܡܐ"
4.txt,Aphrahat,"Demonstration 4: On Prayer","ܬܚܘܝܬܐ ܕܨܠܘܬܐ "
5.txt,Aphrahat,"Demonstration 5: On Wars","ܬܚܘܝܬܐ ܕܩܪ̈ܒܐ"
6.txt,Aphrahat,"Demonstration 6: On the Bnay Qyama","ܬܚܘܝܬܐ ܕܒ̈ܢܝ ܩܝܡܐ "
7.txt,Aphrahat,"Demonstration 7: On Penitents","ܬܚܘܝܬܐ ܕܬ̈ܝܒܐ "
8.txt,Aphrahat,"Demonstration 8: On the Resurrection of the Dead","ܬܚܘܝܬܐ ܕܚܝܬ ܡܝ̈ܬܐ"
9.txt,Aphrahat,"Demonstration 9: On Humility","ܬܚܘܝܬܐ ܕܡܟܝܟܘܬܐ"
10.txt,Aphrahat,"Demonstration 10: On Shepherds","ܬܚܘܝܬܐ ܕܪ̈ܥܘܬܐ "
11.txt,Aphrahat,"Demonstration 11: On Circumcision","ܬܚܘܝܬܐ ܕܓܙܘܪܬܐ"
12.txt,Aphrahat,"Demonstration 12: On Passover","ܬܚܘܝܬܐ ܕܦܨܚܐ"
13.txt,Aphrahat,"Demonstration 13: On the Sabbath","ܬܚܘܝܬܐ ܕܫܒܬܐ"
14.txt,Aphrahat,"Demonstration 14: A Petition","ܬܚܘܝܬܐ ܕܦܝܣܐ"
15.txt,Aphrahat,"Demonstration 15: On the Distinction between Foods","ܬܚܘܝܬܐ ܕܥܠ ܦܘܪܫ ܡܐ̈ܟܠܬܐ"
16.txt,Aphrahat,"Demonstration 16: On the Peoples, who have replaced the People","ܬܚܘܝܬܐ ܕܥܠ ܥܡܡ̈ܐ ܕܗܘܘ ܚܠܦ ܥܡܐ "
17.txt,Aphrahat,"Demonstration 17: On the Messiah, that he is the Son of God","ܬܚܘܝܬܐ ܕܢܚܘܐ ܥܠ ܡܫܝܚܐ ܕܒܪܗ ܗܘ ܕܐܠܗܐ"
18.txt,Aphrahat,"Demonstration 18: Against the Jews, On Virginity and Holiness","ܬܚܘܝܬܐ ܕܠܘܩܒܠ ܝܗܘ̈ܕܝܐ ܘܥܠ ܒܬܘܠܘܬܐ ܘܩܕܝܫܘܬܐ"
19.txt,Aphrahat,"Demonstration 19: A Letter against the Jews, because they say that they will be gathered together","ܐܓܪܬܐ ܕܠܘܩܒܠ ܝܗܘܕ̈ܝܐ ܥܠ ܕܐܡܪܝܢ ܕܩܝܡ ܗܘ ܠܗܘܢ ܠܡܬܟܢܫܘ"
20.txt,Aphrahat,"Demonstration 20: On Care for the Poor","ܬܚܘܝܬܐ ܕܥܠ ܦܘܪܢܣܐ ܕܡ̈ܣܟܢܐ"
21.txt,Aphrahat,"Demonstration 21: On Persecution","ܬܚܘܝܬܐ ܕܪܕܘܦܝܐ"
22.txt,Aphrahat,"Demonstration 22: On Death and the Last Times","ܬܚܘܝܬܐ ܕܡܘܬܐ ܘܕܙܒ̈ܢܐ ܐܚܪ̈ܝܐ "
23.txt,Aphrahat,"Demonstration 23: On the Grapecluster","ܬܚܘܝܬܐ ܕܛܘܛܝܬܐ "
24.txt,Aphrahat,"Prefatory Letter",""
26.txt,Jacob of Serugh,"On Joseph (Memra 1)","ܡܺܐܡܪܳܐ ܩܰܕܡܳܝܳܐ ܕܥܰܠ ܝܰܘܣܶܦ"
27.txt,Narsai,"On the Divine Revelations to Abraham","ܥܠ ܓܠܝܢ̈ܐ ܐܠܗܝ̈ܐ ܕܗܘܘ ܠܘܬ ܐܒܪܗܡ"
28.txt,Narsai,"On the Divine Revelations to the Patriarchs and the Prophets","ܥܠ ܓܠܝ̈ܢܐ ܐܠܗ̈ܝܐ ܕܗܘܘ ܠܘܬ ܐܒܗ̈ܬܐ ܘܢܒ̈ܝܐ"
29.txt,Narsai,"On the Revelations to Abraham","ܥܠ ܓܠܝܢ̈ܐ ܕܠܘܬ ܐܒܪܗܡ"
30.txt,Narsai,"On the Birth of Our Lord","ܥܲܠ ܝܲܠܕܹܗ ܕܡܵܪܢ"
31.txt,Narsai,"On the Virgin Mary","ܥܲܠ ܡܵܪܬܿܝ ܡܲܪܝܲܡ"
32.txt,Narsai,"On Epiphany","ܥܲܠ ܕܸܢܚܵܐ"
33.txt,Narsai,"On John the Baptist","ܥܲܠ ܡܵܪܝ ܝܘܿܚܲܢܵܢ ܡܲܥܡܕܵܢ̇ܐ"
34.txt,Narsai,"On Peter and Paul","ܕܕܼܘܼܟܼܪܵܢܵܐ ܕܦܲܛܪܘܿܣ ܘܦܵܘܠܘܿܣ"
35.txt,Narsai,"On the Four Evangelists","ܥܲܠ ܫܠܝܼܚܹ̈ܐ"
36.txt,Narsai,"On Stephen","ܕܕܼܘܼܟܼܪܵܢܵܐ ܕܡܵܪܝ ܐܸܣܛܲܦܵܢܘܿܣ"
37.txt,Narsai,"On the Three Doctors","ܥܲܠ ܐܲܒܼܗ̈ܬܼܵܐ ܘܡܲܠܦܵܢܹ̈ܐ ܝܵܘܢܝܹ̈ܐ"
38.txt,Narsai,"On the Iniquity of the World","ܥܲܠ ܒܝܼܫܘܼܬܼ ܙܲܒܼܢܵܐ ܘܠܵܚܹܡ ܠܒܼܵܥܘܼܬܼܵܐ"
39.txt,Narsai,"On Supplication","ܕܒܼܵܥܘܼܬܼܵܐ ܘܲܕܼܨܵܘܡܵܐ"
40.txt,Narsai,"On Jonah","ܥܠ ܝܘܢܢ ܢܒܝܐ"
41.txt,Narsai,"On Reproof","ܥܲܠ ܡܲܟܿܣܵܢܘܼܬܼܵܐ"
42.txt,Narsai,"On Human Nature","ܥܠ ܟܝܢܐ ܐܢܫܝܐ"
43.txt,Narsai,"For Any Saints Day","ܡܐܡܪܐ ܕܚܕ ܦܪܨܘܦܐ"
44.txt,Narsai,"On the Departed and the Resurrection","ܡܐܡܪܐ ܕܥܠ ܥܢܝܕ̈ܐ ܘܥܠ ܚܝܬ ܡܝ̈ܬܐ"
45.txt,Narsai,"On Works","ܥܲܠ ܓܡܝܼܪܘܼܬ ܕܘܼܒܵܪܹ̈ܐ"
46.txt,Narsai,"On Lent I","ܕܚܲܕܼܒܿܫܲܒܵܐ ܩܲܕܼܡܵܝܵܐ ܕܨܵܘܡܵܐ"
47.txt,Narsai,"On the Temptation of Christ","ܥܲܠ ܕܪ̈ܵܘܗܝ ܕܡܪܢ"
48.txt,Narsai,"On the Temptation of Christ","ܥܲܠ ܕܪ̈ܵܘܗܝ ܕܡܵܪܲܢ"
49.txt,Narsai,"On Lent III","ܕܚܲܕܼܒܿܫܲܒܵܐ ܕܲܬܼܠܵܬܼܵܐ ܕܨܵܘܡܵܐ"
50.txt,Narsai,"On Lent IV","ܕܚܲܕܼܒܿܫܲܒܵܐ ܕܐܲܪܒܿܥܵܐ ܕܨܵܘܡܵܐ"
51.txt,Narsai,"On Reproof","ܥܲܠ ܡܸܣܟܹܿܢܘܼܬܼܵܐ"
52.txt,Narsai,"On Lent V","ܕܚܲܕܼܒܿܫܲܒܵܐ ܕܚܲܡܫܵܐ ܕܨܵܡܵܐ"
53.txt,Narsai,"On the Parable of the Ten Virgins","ܕܚܲܕܼܒܿܫܲܒܵܐ ܕܸܫܬܵܐ ܕܨܵܘܡܵܐ"
54.txt,Narsai,"On the Raising of Lazarus","ܥܲܠ ܩܝܵܡܬܹܗ ܕܠܵܠܙܲܪ"
55.txt,Narsai,"On Palm Sunday","ܐܚܪܸܢܐ ܕܥܸܐܕܐ ܕܐܘܼܫܥܵܢܐ"
56.txt,Narsai,"On Palm Sunday","ܕܐܘܫܥ̈ܢܐ"
57.txt,,"Chronicle of Edessa","ܬܫ̈ܥܝܬܐ ܕܣܘܥܪ̈ܢܐ"
58.txt,Narsai,"Against the Jews","ܠܘܼܩܒܲܠ ܝܗ̄ܘܼܕܼܵܝܹ̈ܐ"
59.txt,Narsai,"On the Canaanite Woman","ܕܟܢܥܢܝܬܐ"
60.txt,Narsai,"On the Prodigal Son","ܕܥܲܠ ܒܪܵܐ ܐܣܵܘܿܛܵܐ"
61.txt,Narsai,"On Holy Week","ܕܚܲܡܫܵܒܿܫܲܒܵܐ ܕܦܸܨܚܵܐ"
62.txt,Narsai,"On the Mysteries","ܥܲܠ ܦܘܼܫܵܩ ܐ̄ܪ̈ܵܙܹܐ"
63.txt,Narsai,"On the Passion","ܡܲܪܒܲܥܪܘܿܒܼܬܵܐ ܕܚܲܫܵܐ"
64.txt,Narsai,"On the Repentant Thief","ܥܲܠ ܓܲܝܵܣܵܐ"
65.txt,Narsai,"On Mysteries and Baptism","ܥܲܠ ܐ̄ܪ̈ܙܹܐ ܕܥܹܕܿܬܵܐ ܘܥܲܠ ܡܲܥܡܘܿܕܼܝܼܬܼܵܐ"
66.txt,Narsai,"On Baptism","ܥܲܠ ܡܲܥܡܘܿܕܼܝܼܬܼܵܐ"
67.txt,Narsai,"On the Resurrection","ܡܲܪܒܚܲܕ ܒܫܲܒܵܐ ܩܲܕܝܼܫܵܐ ܕܲܩܝܵܡܬܐ"
68.txt,Narsai,"On the Confessors","ܕܲܥܪܘܼܒܼܬܵܐ ܕܡܵܘܕܿܝܵܢܹ̈ܐ"
70.txt,Narsai,"On the Martyrs","ܥܲܠ ܣܵܗ̈ܕܹܿܐ"
71.txt,Narsai,"On the New Creation","ܥܲܠ ܚܘܼܕܵܬܼܵܐ ܕܲܒܼܪܝܼܬܼܵܐ"
72.txt,Narsai,"On the Ascension","ܥܲܠ ܣܘܼܠܵܩܹܗ ܕܡܵܪܲܢ"
73.txt,Narsai,"On Pentecost","ܥܲܠ ܝܘܿܡ ܥܹܐܕܼܵܐ ܕܦܲܢܛܹܩܘܼܣܛܹܐ"
74.txt,Narsai,"On the Workers in the Vineyard","ܥܲܠ ܦܠܐܬܵܐ ܗ̇ܝ ܦܥ̈ܠܹܐ ܠܟܲܪܡܹܗ"
75.txt,Narsai,"On the Rich Man and Lazarus","ܥܲܠ ܥܲܬܿܝܼܪܵܐ ܘܠܵܥܵܙܵܪ"
76.txt,Narsai,"On Creation of Adam and Eve","ܥܲܠ ܬܘܼܩܵܢܵܐ ܕܐܵܕܼܡ ܘܚܵܘܵܐ"
77.txt,Narsai,"On Humility","ܥܲܠ ܡܲܟܼܝܼܟܘܼܬܼܵܐ"
78.txt,Narsai,"On the Antichrist","ܥܲܠ ܡܹܐܬܼܝܼܬܹܗ ܕܐܲܢܛܝܼܟܿܪܸܣܛܘܿܣ"
79.txt,Narsai,"On the Second Coming","ܥܲܠ ܓܠܝܵܢܹܗ ܕܡܵܪܲܢ"
80.txt,Narsai,"On the Wheat and the Tares","ܥܠ ܡܬܠܐ ܗ̇ܘ ܕܙܪܥܐ ܘܙܝܙ̈ܢܐ"
81.txt,Narsai,"On the Finding of the Holy Cross","ܥܲܠ ܥܹܐܕܵܐ ܕܲܫܟܼܵܚܬܵܐ ܕܲܨܠܝܼܒܼܵܐ ܩܲܕܿܝܼܫܵܐ"
82.txt,Narsai,"On the Bronze Serpent","ܥܲܠ ܚܸܘܝܵܐ ܕܲܢܚܵܫܵܐ"
83.txt,Narsai,"On the Incarnation of Christ","ܥܲܠ ܦܲܓܼܪܵܢܘܼܬܗ ܕܡܵܪܲܢ ܡܫܝܼܚܵܐ"
84.txt,Narsai,"On the Tabernacle","ܥܲܠ ܬܘܼܩܵܢܵܐ ܕܡܲܫܟܵܢ ܙܲܒܼܢܵܐ"
85.txt,Narsai,"On Isaiah's Vision","ܥܲܠ ܚܙܵܬ̣ܵܐ ܕܲܣܪ̈ܵܦܹܐ ܕܲܚܙܵܐ ܐܹܫܲܥܝܵܐ"
86.txt,Narsai,"On the Church and the Priesthood","ܥܲܠ ܥܹܕܿܬܵܐ ܘܥܲܠ ܟܵܗܢܘܼܬܼܵܐ"
87.txt,Narsai,"On the Dedication of the Church","ܥܲܠ ܩܘܼܕܵܫܥܹܕܿܬܵܐ"
88.txt,Narsai,"On Creation II","ܥܲܠ ܒܪܵܫܝܼܬܼ ܘܥܲܠ ܐܝܼܬܼܘܼܬܹܗ ܕܐܲܠܵܗܵܐ"
89.txt,Narsai,"On Creation III","ܥܲܠ ܬܘܼܩܵܢܵܗ̇ ܕܲܒܼܪܝܼܬܼܵܐ ܘܡܵܘܕܲܥ ܐܵܦ ܥܲܠ"
90.txt,Narsai,"On Creation I","ܥܲܠ ܬܘܼܩܵܢܵܐ ܕܲܒܼܪܝܼܬܼܵܐ"
91.txt,Narsai,"On Creation V","ܥܲܠ ܬܘܼܩܵܢܵܐ ܕܡܲܠܲܐܟܹ̈ܐ"
92.txt,Narsai,"On Creation VI","ܥܲܠ ܕܘܼܒܵܪܵܐ ܕܡܲܠܲܐܟܹ̈ܐ"
93.txt,Narsai,"On the Soul","ܥܲܠ ܡܝܲܬܿܪܘܼܬܼܵܐ ܕܢܲܦܫܵܐ ܘܕܲܐܝܼܟܲܢܵܐ ܡܦܲܪܢܣܵܐ "
94.txt,Narsai,"On the Blessing of Noah","ܥܲܠ ܒܘܼܪ̈ܟܬܵܐ ܕܝܲܗ̣ܒ ܢܘܿܚ ܠܲܒܢܵܘ̈ܗܝ"
95.txt,Narsai,"On the Tower of Babel","ܥܲܠ ܡܲܓܕܠܵܐ ܕܒܵܒܸܠ ܘܥܲܠ ܦܘܼܠܵܓܼ ܠܸܫܢܹ̈ܐ"
96.txt,Narsai,"On Job","ܥܲܠ ܐܝܼܘܿܒܼ ܙܲܕܿܝܼܩܵܐ"
97.txt,Narsai,"On Joseph","ܥܲܠ ܝܵܘܣܸܦ ܟܲܕܼ ܙܲܒܿܢܘܼܗܝ ܐܲܚܵܘ̈ܗܝ"
98.txt,Narsai,"On the Flood","ܥܲܠ ܛܵܘܦܵܢܵܐ"
99.txt,Narsai,"On the Miracles of Moses","ܥܲܠ ܓܲܒܼܝܘܼܬܹܗ ܕܡܘܼܫܹܐ: ܘܥܲܠ ܢܘܼܪܵܐ ܕܲܚܙܵܐ"
100.txt,Matthew the Evangelist,"Gospel of Matthew","ܐܘܢܓܠܝܘܢ ܕܡܬܝ"
101.txt,Narsai,"On Samson","ܥܲܠ ܫܸܡܫܘܿܢ ܓܲܢ̄ܒܵܪܵܐ"
102.txt,Narsai,"On David and Saul","ܥܠ ܕܘܼܝܼܕ ܘܫܐܘܿ"
103.txt,Narsai,"On Solomon","ܥܲܠ ܫܠܹܝܡܘܿܢ ܘܥܲܠ ܓܒܝܼܬܹܗ ܘܥܲܠ ܕܝܢܘܼܬܹܗ"
104.txt,Narsai,"On Enoch and Elijah","ܥܲܠ ܫܘܼܢܚܹܗ ܕܚܢܘܿܟ ܘܕܐܠܝܐ"
105.txt,Narsai,"On the Three Children","ܥܲܠ ܚܲܢܲܢܝܵܐ ܘܥܲܙܲܪܝܵܐ ܘܡܝܼܫܵܐܹܝܠ"
106.txt,Narsai,"On Reproof of the Clergy","ܥܲܠ ܡܲܟܿܣܵܢܘܼܬܼܵܐ ܕܟܼܵܗܢܹ̈ܐ"
107.txt,Narsai,"On Reproof","ܥܲܠ ܡܲܟܿܣܵܢܘܼܬܼܵܐ"
108.txt,Narsai,"On th Reproof of Women","ܥܲܠ ܡܲܟܼܣܵܢܘܼܬܼܵܐ ܕܒܼܢܵܬܼ̈ ܚܵܘܵܐ ܘܥܲܒܠ"
109.txt,Narsai,"On John 1:14","ܥܲܠ ܗ̇ܝ ܕܡܸܠܬܼܵܐ ܒܸܣܪܵܐ ܗܘ̤ܵܐ ܘܐܲܓܸܢ ܒܲܢ"
110.txt,Jacob of Serugh,"On Joseph (Memra 2)","ܡܺܐܡܪܳܐ ܕܰܬܪܶܝܢ ܕܥܰܠ ܝܰܘܣܶܦ"
111.txt,Jacob of Serugh,"On Joseph (Memra 3)","ܡܺܐܡܪܳܐ ܕܰܬܠܳܬ݂ܳܐ ܕܥܰܠ ܝܰܘܣܶܦ"
112.txt,Jacob of Serugh,"On Joseph (Memra 4)","ܡܺܐܡܪܳܐ ܕܰܐܪܒܥܳܐ ܕܥܰܠ ܝܰܘܣܶܦ"
113.txt,Jacob of Serugh,"On Joseph (Memra 5)","ܡܺܐܡܪܳܐ ܕܚܰܡܫܳܐ ܕܥܰܠ ܝܰܘܣܶܦ"
114.txt,Jacob of Serugh,"On Joseph (Memra 6)","ܡܺܐܡܪܳܐ ܕܶܫܬܳܐ ܕܥܰܠ ܝܰܘܣܶܦ"
115.txt,Jacob of Serugh,"On Joseph (Memra 7)","ܡܺܐܡܪܳܐ ܕܫܰܒܥܳܐ ܕܥܰܠ ܝܰܘܣܶܦ"
116.txt,Jacob of Serugh,"On Joseph (Memra 8)","ܡܺܐܡܪܳܐ ܕܰܬܡܳܢܝܳܐ ܕܥܰܠ ܝܰܘܣܶܦ"
117.txt,Jacob of Serugh,"On Joseph (Memra 9)","ܡܺܐܡܪܳܐ ܕܬܶܫܥܳܐ ܕܥܰܠ ܝܰܘܣܶܦ"
118.txt,Jacob of Serugh,"On Joseph (Memra 10)","ܡܺܐܡܪܳܐ ܕܥܶܣܪܳܐ ܕܥܰܠ ܝܰܘܣܶܦ"
119.txt,Mark the Evangelist,"Gospel of Mark","ܐܘܢܓܠܝܘܢ ܩܕܝܫܐ ܟܪܘܙܘܬܐ ܕܡܪܩܘܣ"
120.txt,Luke the Evangelist,"Gospel of Luke","ܐܘܢܓܠܝܘܢ ܩܕܝܫܐ ܟܪܘܙܘܬܐ ܕܠܘܩܐ"
121.txt,John the Evangelist,"Gospel of John","ܐܘܢܓܠܝܘܢ ܩܕܝܫܐ ܟܪܘܙܘܬܐ ܕܝܘܚܢܢ"
122.txt,Luke the Evangelist,"Acts of the Apostles","ܦܪܟܣܣ ܕܬܪܥܣܪ ܫܠܝ̈ܚܐ ܛܘܒ̈ܢܐ"
123.txt,Paul the Apostle,"Romans (Peshitta Version)","ܐܓܪܬܐ ܕܦܘܠܘܣ ܕܠܘܬ ܪ̈ܗܘܡܝܐ"
124.txt,Paul the Apostle,"1 Corinthians (Peshitta Version)","ܐܓܪܬܐ ܕܦܘܠܘܣ ܕܠܘܬ ܩܘܪ̈ܝܢܬܝܐ ܩܕܡܝܬܐ"
125.txt,Paul the Apostle,"2 Corinthians (Peshitta Version)","ܐܓܪܬܐ ܕܦܘܠܘܣ ܕܠܘܬ ܩܘܪ̈ܝܢܬܝܐ ܕܬܪܬܝܢ"
127.txt,Paul the Apostle,"Galatians (Peshitta Version)","ܐܓܪܬܐ ܕܦܘܠܘܣ ܕܠܘܬ ܓܠܛܝ̈ܐ"
128.txt,Paul the Apostle,"Ephesians (Peshitta Version)","ܐܓܪܬܐ ܕܦܘܠܘܣ ܕܠܘܬ ܐܦܣܝ̈ܐ"
129.txt,Paul the Apostle,"Philippians (Peshitta Version)","ܐܓܪܬܐ ܕܦܘܠܘܣ ܕܠܘܬ ܦܝܠܝܦܣܝ̈ܐ"
130.txt,Paul the Apostle,"Colossians (Peshitta Version)","ܐܓܪܬܐ ܕܦܘܠܘܣ ܕܠܘܬ ܩܘܠ̈ܣܝܐ"
131.txt,Paul the Apostle,"1 Thessalonians (Peshitta Version)","ܐܓܪܬܐ ܕܦܘܠܘܣ ܕܠܘܬ ܬܣܠ̈ܘܢܝܩܝܐ ܩܕܡܝܬܐ"
132.txt,Paul the Apostle,"2 Thessalonians (Peshitta Version)","ܐܓܪܬܐ ܕܦܘܠܘܣ ܕܠܘܬ ܬܣܠ̈ܘܢܝܩܝܐ ܕܬܪܬܝܢ"
133.txt,Paul the Apostle,"1 Timothy (Peshitta Version)","ܐܓܪܬܐ ܕܦܘܠܘܣ ܕܠܘܬ ܛܝܡܬܐܘܣ ܩܕܡܝܬܐ"
134.txt,Paul the Apostle,"2 Timothy (Peshitta Version)","ܐܓܪܬܐ ܕܦܘܠܘܣ ܕܠܘܬ ܛܝܡܬܐܘܣ ܕܬܪܬܝܢ"
135.txt,Paul the Apostle,"Titus (Peshitta Version)","ܐܓܪܬܐ ܕܦܘܠܘܣ ܕܠܘܬ ܛܝܛܘܣ"
136.txt,Paul the Apostle,"Philemon (Peshitta Version)","ܐܓܪܬܐ ܕܦܘܠܘܣ ܕܠܘܬ ܦܝܠܝܡܘܢ"
137.txt,,"Hebrews (Peshitta Version)","ܐܓܪܬܐ ܕܠܘܬ ܥܒܪ̈ܝܐ"
138.txt,James the Apostle,"James (Peshitta Version)","ܐܓܪܬܐ ܕܝܥܩܘܒ ܫܠܝܚܐ"
139.txt,Peter the Apostle,"1 Peter (Peshitta Version)","ܐܓܪܬܐ ܕܦܛܪܘܣ ܫܠܝܚܐ"
140.txt,Peter the Apostle,"2 Peter (Peshitta Version)","ܐܓܪܬܐ ܕܬܪ̈ܬܝܢ ܕܦܛܪܘܣ ܫܠܝܚܐ"
141.txt,John the Apostle,"1 John (Peshitta Version)","ܐܓܪܬܐ ܕܝܘܚܢܢ ܫܠܝܚܐ"
142.txt,John the Apostle,"2 John (Peshitta Version)","ܐܓܪܬܐ ܕܬܪ̈ܬܝܢ ܕܝܘܚܢܢ ܫܠܝܚܐ"
143.txt,John the Apostle,"3 John (Peshitta Version)","ܐܓܪܬܐ ܕܬܠܬ ܕܝܘܚܢܢ ܫܠܝܚܐ"
144.txt,Jude the Apostle,"Jude (Peshitta Version)","ܐܓܪܬܐ ܕܝܗܘܕܐ ܫܠܝܚܐ"
145.txt,John the Apostle,"Revelation (Peshitta Version)","ܓܠܝܢܐ ܕܝܘܚܢܢ"
146.txt,,"Odes of Solomon: Ode 3",""
147.txt,,"Odes of Solomon: Ode 4",""
148.txt,,"Odes of Solomon: Ode 5",""
149.txt,,"Odes of Solomon: Ode 6",""
150.txt,,"Odes of Solomon: Ode 7",""
151.txt,,"Odes of Solomon: Ode 8",""
152.txt,,"Odes of Solomon: Ode 9",""
153.txt,,"Odes of Solomon: Ode 10",""
154.txt,,"Odes of Solomon: Ode 11",""
155.txt,,"Odes of Solomon: Ode 12",""
156.txt,,"Odes of Solomon: Ode 13",""
157.txt,,"Odes of Solomon: Ode 14",""
158.txt,,"Odes of Solomon: Ode 15",""
159.txt,,"Odes of Solomon: Ode 16",""
160.txt,,"Odes of Solomon: Ode 17",""
161.txt,,"Odes of Solomon: Ode 18",""
162.txt,,"Odes of Solomon: Ode 19",""
163.txt,,"Odes of Solomon: Ode 20",""
164.txt,,"Odes of Solomon: Ode 21",""
165.txt,,"Odes of Solomon: Ode 22",""
166.txt,,"Odes of Solomon: Ode 23",""
167.txt,,"Odes of Solomon: Ode 24",""
168.txt,,"Odes of Solomon: Ode 25",""
169.txt,,"Odes of Solomon: Ode 26",""
170.txt,,"Odes of Solomon: Ode 27",""
171.txt,,"Odes of Solomon: Ode 28",""
172.txt,,"Odes of Solomon: Ode 29",""
173.txt,,"Odes of Solomon: Ode 30",""
174.txt,,"Odes of Solomon: Ode 31",""
175.txt,,"Odes of Solomon: Ode 32",""
176.txt,,"Odes of Solomon: Ode 33",""
177.txt,,"Odes of Solomon: Ode 34",""
178.txt,,"Odes of Solomon: Ode 35",""
179.txt,,"Odes of Solomon: Ode 36",""
180.txt,,"Odes of Solomon: Ode 37",""
181.txt,,"Odes of Solomon: Ode 38",""
182.txt,,"Odes of Solomon: Ode 39",""
183.txt,,"Odes of Solomon: Ode 40",""
184.txt,,"Odes of Solomon: Ode 41",""
185.txt,,"Odes of Solomon: Ode 42",""
186.txt,Bardaisan,"Book of the Laws of the Countries","ܟܬܒܐ ܕܢܡ̈ܘܣܐ ܕܐܬܪ̈ܘܬܐ"
187.txt,Abraham of Nathpar,"On the Solitaries","ܥܸܠܬܐ ܕܕܘܒܪ̈ܐ ܕܝܼܚܝܕܝܘܬܐ"
188.txt,,"Memra 1","ܡܺܐܡܪܳܐ ܩܰܕܡܳܝܳܐ"
189.txt,,"Memra 2: About Those Who Want to Become Perfect","ܡܺܐܡܪܳܐ ܕܰܬܪܶܝܢ ܕܥܰܠ ܐܰܝܠܶܝܢ ܕܨܳܒܶܝܢ ܕܢܶܬܓܰܡܪܽܘܢ"
190.txt,,"Memra 3: The Physical And the Spiritual Ministry","ܡܺܐܡܪܳܐ ܕܰܬܠܳܬܳܐ ܕܥܰܠ ܬܶܫܡܶܫܬܳܐ ܦܰܓܪܳܢܳܝܬܳܐ ܘܪܽܘܚܳܢܳܝܬܳܐ"
191.txt,,"Memra 4: On the Vegetables for the Sick","ܡܺܐܡܪܳܐ ܕܰܐܪܒܥܳܐ ܕܥܰܠ ܝܰܪܩܳܐ ܕܰܟܪ̈ܺܝܗܶܐ"
192.txt,,"Memra 5: On the Milk of the Children","ܡܺܐܡܪܳܐ ܕܚܰܡܫܳܐ ܕܥܰܠ ܚܰܠܒܳܐ ܕܝܰܠ̈ܽܘܕܶܐ"
193.txt,,"Memra 6: On Those Who Are Made Perfect and Continue to Grow","ܡܺܐܡܪܳܐ ܕܶܫܬܳܐ ܕܥܰܠ ܐ̱ܢܳܫ ܕܡܶܬܓܡܰܪ ܘܝܳܪܶܒ"
194.txt,,"Memra 7: On the Commandments of the Upright","ܡܺܐܡܪܳܐ ܕܫܰܒܥܳܐ ܕܥܰܠ ܦܽܘܩܕ̈ܳܢܶܐ ܕܟܺܐܢ̈ܶܐ"
195.txt,,"Memra 8: On One Who Gives All He Has to Feed the Poor","ܡܺܐܡܪܳܐ ܕܰܬܡܳܢܝܳܐ ܕܥܰܠ ܡܰܢ ܕܡܰܘܟܶܠ ܟܽܠ ܕܰܩܢܶܐ ܠܡܶܣ̈ܟܺܢܶܐ"
196.txt,,"Memra 9: On Uprightness and the Love of the Upright and the Prophets","ܡܺܐܡܪܳܐ ܕܬܶܫܥܳܐ ܥܰܠ ܟܺܐܢܽܘܬܳܐ ܘܥܰܠ ܚܽܘܒܳܐ ܕܟܺܐܢ̈ܶܐ ܘܕܰܢܒܺܝ̈ܶܐ"
197.txt,,"Memra 10","ܡܺܐܡܪܳܐ ܕܥܶܣܪܳܐ"
198.txt,,"Memra 11","ܡܺܐܡܪܳܐ ܕܰܚܕܰܥܣܰܪ ܕܥܰܠ ܡܰܫܡܰܥܬܳܐ ܕܰܟܬܳܒ̈ܶܐ ܘܶܐܡܰܬܝ ܕܡܶܬܩܪܶܐ ܢܳܡܽܘܣܳܐ ܩܕܳܡܰܝܢ."
199.txt,,"Memra 12: On the Hidden and Public Ministry of the Church","ܡܺܐܡܪܳܐ ܕܰܬܪ̈ܶܥܣܰܪ ܕܥܰܠ ܬܶܫܡܶܫܬܳܐ ܕܥܽܕ̱ܬܳܐ ܟܣܺܝܬܳܐ ܘܰܓܠܺܝܬܳܐ"
200.txt,,"Memra 13: By the Same Author on the Ways of the Upright","ܡܺܐܡܪܳܐ ܕܰܬܠܳܬܰܥܣܰܪ ܕܺܝܠܶܗ ܕܥܰܠ ܕܽܘܒܳܪ̈ܶܐ ܕܟܺܐܢ̈ܶܐ"
201.txt,,"Memra 14: On the Upright and the Perfect","ܡܺܐܡܪܳܐ ܕܰܐܪܒܰܥܬܰܥܣܰܪ ܕܥܰܠ ܟܺܐܢ̈ܶܐ ܘܥܰܠ ܓܡܺܝܪ̈ܶܐ"
202.txt,,"Memra 15: On Adam's Marital Desire","ܡܺܐܡܪܳܐ ܕܚܰܡܶܫܬܰܥܣܰܪ ܕܥܰܠ ܡܰܪܕܺܝܬܳܐ ܕܙܽܘܘܳܓܳܐ ܕܰܗܘܳܬ ܒܳܐܕܳܡ"
203.txt,,"Memra 16: On How a Person May Surpass the Major Commandments","ܡܺܐܡܪܳܐ ܕܫܶܬܬܰܥܣܰܪ ܕܥܰܠ ܕܰܐܝܟܰܢ ܝܳܪܶܒ ܐ̱ܢܳܫ ܡܶܢ ܦܽܘܩ̈ܕܳܢܶܐ ܪܰܘܪ̈ܒܶܐ"
204.txt,,"Memra 17: On the Sufferings of Our Lord Who Became Through Them an Example for Us","ܡܺܐܡܪܳܐ ܕܰܫܒܰܥܬܰܥܣܰܪ ܕܥܰܠ ܚܰܫܰܘ̈ܗ̱ܝ ܕܡܳܪܰܢ ܕܰܗܘܳܐ ܠܰܢ ܒܗܽܘܢ ܚܰܘܪܳܐ"
205.txt,,"Memra 18: On the Tears of Prayer","ܡܺܐܡܪܳܐ ܕܰܬܡܳܢܬܰܥܣܰܪ ܕܥܰܠ ܕܶܡ̈ܥܶܐ ܕܰܨܠܽܘܬܳܐ"
206.txt,,"Memra 19: On the Discernment of the Way of Perfection","ܡܺܐܡܪܳܐ ܕܰܬܫܰܥܣܰܪ ܕܥܰܠ ܦܽܘܪܫܳܢܳܐ ܕܽܐܘܪܚܳܐ ܕܰܓܡܺܝܪܽܘܬܳܐ"
207.txt,,"Memra 20: On the Difficult Steps that are on the Road of the City of Our Lord","ܡܺܐܡܪܳܐ ܕܥܶܣܪ̈ܺܝܢ ܡܰܣ̈ܩܳܬܳܐ ܩܰܫܝ̈ܳܬܳܐ ܕܺܐܝܬ ܒܽܐܘܪܚܳܐ ܕܰܡܕܺܝܢ̱ܬܶܗ ܕܡܳܪܰܢ"
208.txt,,"Memra 21: On the Tree of Adam","ܡܺܐܡܪܳܐ ܕܥܶܣܪ̈ܺܝܢ ܘܚܰܕ ܕܥܰܠ ܐܺܝܠܳܢܳܐ ܕܳܐܕܳܡ"
209.txt,,"Memra 22: On the Judgments That Do Not Save Those Who Observe Them","ܡܺܐܡܪܳܐ ܕܥܶܣܪܺܝܢ ܘܰܬܪ̈ܶܝܢ ܕܥܰܠ ܕܺܝܢ̈ܶܐ ܕܠܳܐ ܚܳܐܶܝܢ ܒܗܽܘܢ ܥܳܒ̈ܽܘܕܰܝܗܽܘܢ"
210.txt,,"Memra 23: On Satan and Pharoah and the Israelites","ܡܺܐܡܪܳܐ ܕܥܶܣܪܺܝܢ ܘܰܬܠܳܬܳܐ ܕܥܰܠ ܤܳܛܳܢܳܐ ܘܥܰܠ ܦܶܪܥܽܘܢ ܒܢܰܝ̈ ܐܺܝܣܪܳܐܶܝܠ"
211.txt,,"Memra 24: On Repentance","ܡܺܐܡܪܳܐ ܕܥܶܣܪܺܝܢ ܘܰܐܪܒܥܳܐ ܕܥܰܠ ܬܝܳܒܽܘܬܳܐ"
212.txt,,"Memra 25: On the Voice of God and of Satan","ܡܺܐܡܪܳܐ ܕܥܶܣܪܺܝܢ ܘܚܰܡܫܳܐ ܕܥܰܠ ܒܰܪ̱ܬ ܩܳܠܳܐ ܕܰܐܠܳܗܳܐ ܘܰܕܤܳܛܳܢܳܐ"
213.txt,,"Memra 26: On the Second Law That the Lord Established From Adam","ܡܺܐܡܪܳܐ ܕܥܶܣܪܺܝܢ ܘܶܫܬܳܐ ܥܰܠ ܢܳܡܺܘܣܳܐ ܕܰܬܪܶܝܢ ܕܣܳܡ ܡܳܪܝܳܐ ܠܳܐܕܳܡ"
214.txt,,"Memra 27: About the History of the Thief Who is Saved","ܡܺܐܡܪܳܐ ܕܥܶܣܪܺܝܢ ܘܫܰܒܥܳܐ ܕܥܰܠ ܫܰܪܒܳܐ ܕܓܰܝ̈ܣܶܐ"
215.txt,,"Memra 28: On the Fact That the Human Soul is Not Identical With the Blood","ܡܺܐܡܪܳܐ ܕܥܶܣܪܺܝܢ ܘܰܬܡܳܢܝܳܐ ܕܥܰܠ ܢܰܦܫܳܐ ܕܒܰܪܢܳܫܳܐ ܕܠܳܐ ܗܘܳܬ ܕܡܳܐ"
216.txt,,"Memra 29: On the Discipline of the Body","ܡܺܐܡܪܳܐ ܕܥܶܣܪܺܝܢ ܘܬܶܫܥܳܐ ܕܥܰܠ ܟܽܘܒܳܫ ܦܰܓܪܳܐ"
217.txt,,"Memra 30: On the Commandments of Faith and the Love of the Solitaries","ܡܺܐܡܪܳܐ ܕܰܬܠܳܬܺܝܢ. ܕܥܰܠ ܦܽܘܩܕ̈ܳܢܶܐ ܕܗܰܝܡܳܢܽܘܬܳܐ ܘܰܕܚܽܘܒܳܐ ܕܺܝܚܺܝ̈ܕܳܝܶܐ"
218.txt,,"Book of Steps Preface","ܡܰܡܠ̱ܠܳܐ"
219.txt,(Ps.-)Clement of Rome,"Pseudo-Clementine Recognitions: Recognition 1",""
220.txt,(Ps.-)Clement of Rome,"Pseudo-Clementine Recognitions: Recognition 2",""
221.txt,(Ps.-)Clement of Rome,"Pseudo-Clementine Recognitions: Recognition 3",""
222.txt,(Ps.-)Clement of Rome,"Pseudo-Clementine Recognitions: Recognition 4",""
223.txt,(Ps.-)Clement of Rome,"Pseudo-Clementine Homilies: Homily 10",""
224.txt,(Ps.-)Clement of Rome,"Pseudo-Clementine Homilies: Homily 11",""
225.txt,(Ps.-)Clement of Rome,"Pseudo-Clementine Homilies: Homily 12",""
226.txt,(Ps.-)Clement of Rome,"Pseudo-Clementine Homilies: Homily 13",""
227.txt,(Ps.-)Clement of Rome,"Pseudo-Clementine Homilies: Homily 14",""
228.txt,Dionysius bar Salibi,"Literal Commentary on Genesis","ܣܦܪܐ ܕܒܪܝܬܐ ܣܘܥܪܢܐܝܬ"
229.txt,Dionysius bar Salibi,"Literal Commentary on Exodus","ܦܘܼܫܩܐ ܣܘܥܪܢܝܐ ܕܣܦܪܐ ܕܬܪܝܢ ܕܡܿܟܢܼܫ"
230.txt,Dionysius bar Salibi,"Literal Commentary on Leviticus","ܦܘܼܫܩܐ ܣܘܼܥܪܢܝܐ ܕܣܦܪܐ ܕܬܠܬ ܕܡܬܼܩܪܐ ܕܟܗ̈ܢܐ"
231.txt,Dionysius bar Salibi,"Literal Commentary on Numbers","ܦܘܼܫܩܐ ܕܣܦܪܐ ܪܒܝܼܥܝܐ ܕܡܬܼܩܪܐ ܕܡܢܝܢܐ ܕܡܦܫܩ ܣܘܥܪܢܐܝܬ "
232.txt,Dionysius bar Salibi,"Literal Commentary on Deuteronomy","ܦܘܼܫܩܐ ܣܘܼܥܪܢܝܐ ܕܣܦܪܐ ܚܡܝܼܫܝܐ ܕܡܘܫܐ ܕܡܬܩܪܐ ܬܢܝܢ ܢܡܘܿܣܐ"
233.txt,Dionysius bar Salibi,"Literal Commentary on Job","ܦܘܼܫܩܐ ܣܘܼܥܪܢܝܐ ܕܟܬܒܐ ܕܐܝܘܒ ܒܙܥܘܪ̈ܝܬܐ"
234.txt,Dionysius bar Salibi,"Literal Commentary on Joshua","ܦܘܼܫܩܐ ܣܘܼܥܪܢܝܐ ܕܝܫܘܿܥ ܒܪܢܘܿܢ"
235.txt,Dionysius bar Salibi,"Literal Commentary on Judges","ܬܘܒ ܦܘܼܫܩܐ ܣܘܼܥܪܢܝܐ ܕܫܦ̈ܐܛܐ ܒܙܒܢܐ ܕܕܝ̈ܢܿܐ ܠܝܬ ܗܼܘܐ ܒܝܣܪܐܝܠ"
236.txt,Dionysius bar Salibi,"Literal Commentary on Samuel","ܦܘܼܫܩܐ ܣܘܼܥܪܢܝܐ ܕܫܡܘܐܝܠ ܢܒܝܐ"
237.txt,Dionysius bar Salibi,"Literal Commentary on Kings","ܦܘܼܫܩܐ ܣܘܼܥܪܢܝܐ ܕܣܦܪ ܡܠ̈ܟܐ"
238.txt,Dionysius bar Salibi,"Literal Commentary on the Psalms","ܦܘܼܫܩܐ ܣܘܥܪܢܝܐ ܕܟܬܒܐ ܕܡܙܡܘܪ̈ܐ"
239.txt,Dionysius bar Salibi,"Literal Commentary on Proverbs","ܦܘܼܫܩܐ ܕܡ̈ܬܠܐ ܐܝܟ ܡܦܩܼܬܐ ܦܫܝܼܛܬܐ ܡܢܬܐܝܼܬ"
240.txt,Dionysius bar Salibi,"Literal Commentary on Ecclesiastes","ܦܘܼܫܩܐ ܣܘܼܥܪܢܝܐ ܕܟܬܒܐ ܕܩܘܼܗܠܬ"
241.txt,Dionysius bar Salibi,"Literal Commentary on the Song of Songs","ܦܘܼܫܩܐ ܣܘܼܥܪܢܝܐ ܒܡ̈ܢܘܬܐ ܡܼܢ ܫܐܪܬ݀ ܫܐܪ̈ܝܼܢ"
242.txt,Dionysius bar Salibi,"Literal Commentary on Isaiah","ܦܘܼܫܩܐ ܣܘܼܥܪܢܝܐ ܕܐܫܥܝܐ ܢܒܝܐ"
243.txt,Dionysius bar Salibi,"Literal and Spiritual Commentary on Jeremiah","ܦܘܼܫܩܐ ܕܬܠܬܐ ܕܟܬܒܐ ܕܐܪܡܝܐ ܢܒܝܐ ܣܘܼܥܪܢܝܐ ܘܪܘܼܚܢܝܐ"
244.txt,Dionysius bar Salibi,"Literal Commentary on Ezekiel","ܦܘܼܫܩܐ ܣܘܼܥܪܢܝܐ ܕܚܙܩܝܐܝܠ ܢܒܝܐ"
245.txt,Dionysius bar Salibi,"Literal Commentary on Daniel","ܦܘܼܫܩܐ ܕܟܬܒܐ ܕܕܢܝܐܝܠ ܢܒܝܐ ܣܘܼܥܪܢܐܝܼܬ"
246.txt,Dionysius bar Salibi,"Literal Commentary on Hosea","ܦܘܼܫܩܐ ܣܘܼܥܪܢܝܐ ܕܗܘܼܫܥ ܢܒܝܐ"
247.txt,Dionysius bar Salibi,"Literal Commentary on Joel","ܦܘܼܫܩܐ ܕܢܒܝܘܼܬܗ ܕܝܘܿܐܝܠ ܢܒܝܐ ܣܘܼܥܪܢܐܝܼܬ"
248.txt,Dionysius bar Salibi,"Literal Commentary on Amos","ܦܘܼܫܩܐ ܕܥܡܘܿܣ ܣܘܼܥܪܢܐܝܼܬ"
249.txt,Dionysius bar Salibi,"Literal Commentary on Obadiah","ܦܘܼܫܩܐ ܕܢܒܝܘܼܬܗ ܕܥܘܼܒܕܝܐ ܣܘܼܥܪܢܐܝܼܬ"
250.txt,Dionysius bar Salibi,"Literal Commentary on Jonah","ܦܘܼܫܩܐ ܕܝܘܢܢ ܢܒܝܐ ܣܘܼܥܪܢܐܝܼܬ"
251.txt,Dionysius bar Salibi,"Literal Commentary on Micah","ܦܘܼܫܩܐ ܕܢܒܝܘܼܬܗ ܕܡܝܼ̣ܐ ܣܘܼܥܪܢܐܝܼܬ ܡܝܼܟܐ"
252.txt,Dionysius bar Salibi,"Literal Commentary on Nahum","ܢܘܼܗܪܐ ܕܢܚܘܡ ܢܒܝܐ ܣܘܼܥܪܢܐܝܼܬ"
253.txt,Dionysius bar Salibi,"Literal Commentary on Habakkuk","ܢܘܼܗܪܐ ܕܚܒܩܘܿܩ ܢܒܝܐ ܣܘܼܥܪܢܐܝܼܬ"
254.txt,Dionysius bar Salibi,"Literal Commentary on Zephaniah","ܢܘܗܪܐ ܣܘܼܥܪܢܝܐ ܕܨܦܢܝܐ ܢܒܝܐ"
255.txt,Dionysius bar Salibi,"Literal Commentary on Haggai","ܦܘܼܫܩܐ ܣܘܼܥܪܢܝܐ ܕܢܒܝܘܼܬܗ ܕܚܓܝ"
256.txt,Dionysius bar Salibi,"Literal Commentary on Zechariah","ܦܘܼܫܩܐ ܕܙܟܪܝܐ ܢܒܝܐ ܣܘܼܥܪܢܐܝܼܬ"
257.txt,Dionysius bar Salibi,"Literal Commentary on Malachi","ܢܘܼܗܪܐ ܕܡܠܐܟܝܼ ܢܒܝܐ ܣܘܼܥܪܢܐܝܼܬ"
258.txt,Dionysius bar Salibi,"Commentary on Ben Sira","ܦܘܼܫܩܐ ܕܟܬܒܐ ܕܒܪ ܐܣܝܼܪܐ"
259.txt,Ephrem the Syrian,"Nisibis 1",""
260.txt,Ephrem the Syrian,"Nisibis 2",""
261.txt,Ephrem the Syrian,"Nisibis 3",""
262.txt,Ephrem the Syrian,"Nisibis 4",""
263.txt,Ephrem the Syrian,"Nisibis 5",""
264.txt,Ephrem the Syrian,"Nisibis 6",""
265.txt,Ephrem the Syrian,"Nisibis 7",""
266.txt,Ephrem the Syrian,"Nisibis 9",""
267.txt,Ephrem the Syrian,"Nisibis 10",""
268.txt,Ephrem the Syrian,"Nisibis 11",""
269.txt,Ephrem the Syrian,"Nisibis 12",""
270.txt,Ephrem the Syrian,"Nisibis 13",""
271.txt,Ephrem the Syrian,"Nisibis 14",""
272.txt,Ephrem the Syrian,"Nisibis 15",""
273.txt,Ephrem the Syrian,"Nisibis 16",""
274.txt,Ephrem the Syrian,"Nisibis 17",""
275.txt,Ephrem the Syrian,"Nisibis 18",""
276.txt,Ephrem the Syrian,"Nisibis 19",""
277.txt,Ephrem the Syrian,"Nisibis 20",""
278.txt,Ephrem the Syrian,"Nisibis 21",""
279.txt,Ephrem the Syrian,"Nisibis 25",""
280.txt,Ephrem the Syrian,"Nisibis 26",""
281.txt,Ephrem the Syrian,"Nisibis 27",""
282.txt,Ephrem the Syrian,"Nisibis 28",""
283.txt,Ephrem the Syrian,"Nisibis 29",""
284.txt,Ephrem the Syrian,"Nisibis 30",""
285.txt,Ephrem the Syrian,"Nisibis 31",""
286.txt,Ephrem the Syrian,"Nisibis 32",""
287.txt,Ephrem the Syrian,"Nisibis 33",""
288.txt,Ephrem the Syrian,"Nisibis 34",""
289.txt,Ephrem the Syrian,"Nisibis 35",""
290.txt,Ephrem the Syrian,"Nisibis 36",""
291.txt,Ephrem the Syrian,"Nisibis 37",""
292.txt,Ephrem the Syrian,"Nisibis 38",""
293.txt,Ephrem the Syrian,"Nisibis 39",""
294.txt,Ephrem the Syrian,"Nisibis 40",""
295.txt,Ephrem the Syrian,"Nisibis 41",""
296.txt,Ephrem the Syrian,"Nisibis 42",""
297.txt,Ephrem the Syrian,"Nisibis 43",""
298.txt,Ephrem the Syrian,"Nisibis 44",""
299.txt,Ephrem the Syrian,"Nisibis 45",""
300.txt,Ephrem the Syrian,"Nisibis 46",""
301.txt,Ephrem the Syrian,"Nisibis 47",""
302.txt,Ephrem the Syrian,"Nisibis 48",""
303.txt,Ephrem the Syrian,"Nisibis 49",""
304.txt,Ephrem the Syrian,"Nisibis 50",""
305.txt,Ephrem the Syrian,"Nisibis 51",""
306.txt,Ephrem the Syrian,"Nisibis 52",""
307.txt,Ephrem the Syrian,"Nisibis 53",""
308.txt,Ephrem the Syrian,"Nisibis 54",""
309.txt,Ephrem the Syrian,"Nisibis 55",""
310.txt,Ephrem the Syrian,"Nisibis 56",""
311.txt,Ephrem the Syrian,"Nisibis 57",""
312.txt,Ephrem the Syrian,"Nisibis 58",""
313.txt,Ephrem the Syrian,"Nisibis 59",""
314.txt,Ephrem the Syrian,"Nisibis 60",""
315.txt,Ephrem the Syrian,"Nisibis 61",""
316.txt,Ephrem the Syrian,"Nisibis 62",""
317.txt,Ephrem the Syrian,"Nisibis 63",""
318.txt,Ephrem the Syrian,"Nisibis 64",""
319.txt,Ephrem the Syrian,"Nisibis 65",""
320.txt,Ephrem the Syrian,"Nisibis 66",""
321.txt,Ephrem the Syrian,"Nisibis 67",""
322.txt,Ephrem the Syrian,"Nisibis 68",""
323.txt,Ephrem the Syrian,"Nisibis 69",""
324.txt,Ephrem the Syrian,"Nisibis 70",""
325.txt,Ephrem the Syrian,"Nisibis 71",""
326.txt,Ephrem the Syrian,"Nisibis 72",""
327.txt,Ephrem the Syrian,"Nisibis 73",""
328.txt,Ephrem the Syrian,"Nisibis 74",""
329.txt,Ephrem the Syrian,"Nisibis 75",""
330.txt,Ephrem the Syrian,"Nisibis 76",""
331.txt,Ephrem the Syrian,"Nisibis 77",""
332.txt,Thomas,"Acts of Judas Thomas","ܦܪ̈ܟܣܝܣ ܕܝܗܘܕܐ"
333.txt,,"An Account of the Decease of Saint John, Apostle and Evangelist","ܫܪܒܐ ܕܥܠ ܥܘܢܕܢܗ ܕܩܕܝܫܐ ܝܘܚܢܢ ܫܠܝܚܐ ܘܐܢܓܠܝܣܐ"
334.txt,,"History of John, the Son of Zebedee","ܬܫܥܝܬܐ ܕܝܘܚܢܢ ܒܪ ܙܒܕܝ ܫܠܝܚܐ ܘܐܘܢܓܠܣܛܐ"
335.txt,,"History of Mar Matthew and Mar Andrew, Blessed Apostles","ܬܫܥܝܬܗ ܕܡܪܝ ܡܬܝ ܘܕܡܪܝ ܐܢܕܪܐܝܣ ܫ̈ܠܝܚܐ ܛ̈ܘܒܢܐ"
336.txt,,"History of Philip, the Apostle and Evangelist","ܬܫܥܝܬܐ ܕܦܝܠܝܦܘܣ ܫܠܝܚܐ ܘܡܣܒܪܢܐ"
337.txt,,"History of Thecla, Disciple of Paul the Apostle","ܬܫܥܝܬܐ ܕܬܩܠܐ ܬܠܡܝܕܬܗ ܕܦܘܠܘܣ ܫܠܝܚܐ"
338.txt,,"Hymn of the Soul","ܡܕܪܫܐ ܕܝܗܘܕܐ ܬܐܡܐ ܫܠܝܚܐ ܕܒܐܬܪܐ ܕܗ̈ܢܕܘܝܐ"
339.txt,John the Solitary,"Dialogue on the Soul","ܢܝ̈ܫܐ ܐܚܪ̈ܢܐ ܥܠ ܢܦܫܐ"
340.txt,Jacob of Serugh,"An Admonition","ܕܡܲܪܬ݁ܝܵܢܘܼܬܼܵܐ"
341.txt,Jacob of Serugh,"On the Descent of the Highest upon Mount Sinai","ܕܥܲܠ ܡܲܚܲܬ݁ܬܹܗ ܕܪܵܡܵܐ ܥܲܠ ܛܘܼܪ ܣܝܼܢܲܝ"
342.txt,Jacob of Serugh,"On the Consecration of the Church and on Moses the Prophet","ܥܲܠ ܩܘܼܕܵܫ ܥܹܕܬܵܐ ܘܥܲܠ ܡܘܼܫܹܐ ܢܒ̣ܝܼܵܐ"
343.txt,Jacob of Serugh,"On the Brazen Serpent that Moses Set up in the Wilderness","ܥܲܠ ܚܸܘܝܵܐ ܕܲܢܚܵܫܵܐ ܕܐܲܪܝܼܡ ܡܘܼܫܹܐ ܒܡܲܕܼܒ݁ܪܵܐ"
344.txt,Jacob of Serugh,"On Aaron the Priest","ܥܲܠ ܐܲܗܪܘܿܢ ܟܵܗܢܵܐ"
345.txt,Jacob of Serugh,"On That Star Which the Magi Saw","ܥܲܠ ܟܵܘܟ݁ܒ̣ܵܐ ܗܵܘ̇ ܕܐܸܬܼܚܙܝܼ ܠܲܡܓ̣ܘܼ̈ܫܹܐ"
346.txt,Jacob of Serugh,"On the Baptism of the Law and on the Baptism of John and on the Baptism That Our Lord Gave to the Apostles","ܥܲܠ ܡܲܥܡܘܿܕܼܝܼܬܼܵܐ ܕܢܵܡܘܿܣܵܐ ܘܥܲܠ ܡܲܥܡܘܿܕܼܝܼܬܹܗ ܕܝܘܿܚܲܢܵܢ ܘܥܲܠ ܡܲܥܡܘܿܕܼܝܼܬܼܵܐ ܕܝܲܗ̣̄ܒ̣ ܡܵܪܲܢ ܠܲܫܠܝܼܚܹ̈ܐ"
347.txt,Jacob of Serugh,"On the Baptism of our Savior in the Jordan","ܥܲܠ ܥܡܵܕܼܗ ܕܦܵܪܘܿܩܲܢ ܕܲܒ̣ܝܘܿܪܕܢܵܢ"
348.txt,Jacob of Serugh,"On Holy Baptism","ܥܲܠ ܡܲܥܡܘܿܕܼܝܼܬܼܵܐ ܩܲܕܝܼܫܬܵܐ"
349.txt,Jacob of Serugh,"On the Prayer That Our Lord Taught to his Disciples: Our Father Which Art in Heaven","ܥܲܠ ܨܠܘܿܬܼܵܐ ܕܐܲܠܸܦ̣ ܡܵܪܲܢ ܠܬܲܠܡܝܼܕܼܵܘ̈ܗܝ ܐܲܒ̣ܘܼܢ ܕܒܲܫܡܲܝܵܐ ܢܸܬܼܩܲܕܲܫ ܫܡܵܟ̣"
350.txt,Jacob of Serugh,"On that Young Man who Said to Our Lord What Should I Do to Inherit Eternal Life","ܥܲܠ ܗܵܘ̇ ܥܠܲܝܡܵܐ ܕܐܸܡܲܪ ܠܡܵܪܲܢ ܕܡܵܢܵܐ ܐܸܥܒܸ݁ܕܼ ܕܐܹܪܲܬܼ ܚܲܝܹ̈ܐ ܕܲܠܥܵܠܲܡ"
351.txt,Jacob of Serugh,"On the Prodigal Son","ܥܲܠ ܗܵܘ̇ ܒܪܵܐ ܕܦܲܪܲܚ̣ ܢܸܟ̣ܣܵܘ̈ܗܝ"
352.txt,Jacob of Serugh,"On the Pharisee and the Publican Who Went up to the Temple to Pray","ܥܲܠ ܦܪܝܼܫܵܐ ܘܡܵܟ̣ܣܵܐ ܕܐܸܡܲܪ ܡܵܪܲܢ ܕܲܣܠܸܩ̣ܘ ܠܗܲܝܟ݁ܠܵܐ ܠܲܡܨܲܠܵܝܘܼ"
353.txt,Jacob of Serugh,"On the Parable That Our Lord Spoke about the Laborers Whom the Lord of the Vineyard Hired","ܥܲܠ ܡܲܬܼܠܵܐ ܕܐܸܡܲܪ ܡܵܪܲܢ ܕܦܵܥ̈ܠܹܐ ܕܐܸܓܲܪ ܡܵܪܹܐ ܟܲܪܡܵܐ"
354.txt,Jacob of Serugh,"On Zacchaeus the Publican","ܥܲܠ ܙܲܟܲܝ ܡܵܟ̣ܣܵܐ"
355.txt,Jacob of Serugh,"On the Rich Man and Lazarus","ܲܥܲܠ ܥܲܬ݁ܝܼܪܵܐ ܘܠܵܥܵܙܲܪ"
356.txt,Jacob of Serugh,"On the Canaanite Woman","ܥܲܠ ܟܢܲܥܢܵܝܬܵܐ"
357.txt,Jacob of Serugh,"On Palm Sunday","ܥܲܠ ܚܲܕܼܒܿܫܲܒܵܐ ܕܐܘܿܫܲܥ̈ܢܹܐ"
358.txt,Jacob of Serugh,"On Our Lord's Question and on the Revelation That Simon Received from the Father","ܥܲܠ ܫܘܼܐܵܠܹܗ ܕܡܵܪܲܢ ܘܥܲܠ ܓܸܠܝܵܢܵܐ ܕܩܲܒܸܿܠܼ ܫܸܡܥܘܿܢ ܡܼܢ ܐܲܒܼܵܐ"
359.txt,Jacob of Serugh,"On Simon Peter When Our Lord Said to him, Get Thee Behind Me Satan","ܥܲܠ ܫܸܡܥܘܿܢ ܟܹܐܦܵܐ ܟܲܕܼ ܐܸܡܸܿܪ ܠܹܗ ܡܵܪܲܢ ܙܸܠ ܠܵܟܼ ܠܒܸܣܬܲܪܝ ܣܵܛܵܢܵܐ"
360.txt,Jacob of Serugh,"On the Denial of Peter","ܥܲܠ ܟܦܘܼܪܝܹܗ ܕܫܸܡܥܘܿܢ"
361.txt,Jacob of Serugh,"On the Memorial of the Departed and on the Eucharistic Bread","ܥܠ ܕܗܟܪܢܐ ܕܥܢܝ̈ܕܐ ܘܥܠ ܩܨܬܐ"
362.txt,Jacob of Serugh,"On the Lenten Fast I","ܥܲܠ ܨܵܘܡܵܐ ܩܲܕܝܼܫܵܐ ܕܐܲܪܒ̇ܥܝܼܢ ܐ"
363.txt,Jacob of Serugh,"On the Lenten Fast II","ܥܲܠ ܨܵܘܡܵܐ ܩܲܕܝܼܫܵܐ ܕܐܲܪܒܿܥܝܼܢ ܒ"
364.txt,Jacob of Serugh,"On the Lenten Fast III","ܥܲܠ ܨܵܘܡܵܐ ܩܲܕܝܼܫܵܐ ܕܐܲܪܒܿܥܝܼܢ ܓ"
365.txt,Jacob of Serugh,"On the Love of God and On Perfect Reconciliation","ܥܲܠ ܚܘܼܒܵܐ ܒܪܵܐ ܕܐܲܠܵܗܵܐ ܕܐܸܬܼܵܐ ܒܚܘܼܒܹܗ ܕܲܢܚܲܕܸܬܼ ܟܠ"
366.txt,Jacob of Serugh,"On Godly Virginity","ܥܲܠ ܡܲܪܬܝܵܢܘܼܬܼܵܐ"
367.txt,Jacob of Serugh,"On the Power of Repentance","ܥܲܠ ܬܼܝܵܒܼܘܼܬܼܵܐ"
368.txt,Jacob of Serugh,"On Repentance and an Admonition","ܥܲܠ ܬܝܵܒܼܘܼܬܼܵܐ ܘܡܲܪܬܿܝܵܢܘܼܬܼܵܐ"
372.txt,,"Exhortation of the Apostle Peter","ܡܡܠܠܐ ܕܛܘܒܢܐ ܦܬܪܘܣ ܫܠܝܚܐ ܕܥܠ ܡܪܬܝܢܘܬܐ"
373.txt,Gregorius bar Hebraeus,"Ecclesiastical History","ܟܬܒܐ ܕܐܩܠܣܝܣܛܝܩܝ"
374.txt,Philoxenos of Mabbug,"Discourse 1: Prologue","ܡܐܡܪܐ ܩܕܡܝܐ ܕܥܠ ܥܠܬܗ̇ ܕܦܢܩܝܬܐ"
375.txt,Philoxenos of Mabbug,"Discourse 2: On Faith","ܡܐܡܪܐ ܕܬܪܝܢ ܕܥܠ ܗܝܡܢܘܬܐ"
376.txt,Philoxenos of Mabbug,"Discourse 3: On Faith","ܡܐܡܪܐ ܕܬܠܬܐ ܕܥܠ ܗܝܡܢܘܬܐ"
377.txt,Philoxenos of Mabbug,"Discourse 4: On Faith and Simplicity","ܡܐܡܪܐ ܕܐܪܒܥܐ ܕܥܠ ܦܫܝܛܘܬܐ"
378.txt,Philoxenos of Mabbug,"Discourse 5: On Simplicity","ܡܐܡܪܐ ܕܚܡܫܐ ܕܥܠ ܦܫܝܛܘܬܐ"
379.txt,Philoxenos of Mabbug,"Discourse 6: On the Fear of God","ܡܐܡܪܐ ܕܫܬܐ ܕܥܠ ܕܚܠܬ ܐܠܗܐ"
380.txt,Philoxenos of Mabbug,"Discourse 7: On the Fear of God","ܡܐܡܪܐ ܕܫܒܥܐ ܕܥܠ ܕܚܠܬ ܐܠܗܐ"
381.txt,Philoxenos of Mabbug,"Discourse 8: On Poverty","ܡܐܡܪܐ ܕܬܡܢܝܐ ܕܥܠ ܡܣܪܩܘܬܐ"
382.txt,Philoxenos of Mabbug,"Discourse 9: On Poverty","ܡܐܡܪܐ ܕܬܫܥܐ ܕܥܠ ܡܣܪܩܘܬܐ"
383.txt,Philoxenos of Mabbug,"Discourse 10: On the Lust of the Belly","ܡܐܡܪܐ ܕܥܣܪܐ ܕܥܠ ܪܚܡܬ ܟܪܣܐ"
384.txt,Philoxenos of Mabbug,"Discourse 11: On Abstinence","ܡܐܡܪܐ ܕܚܕܥܣܪ ܕܥܠ ܥܳܢܘܳܝܽܘܬܐ"
385.txt,Philoxenos of Mabbug,"Discourse 12: On Fornication","ܡܐܡܪܐ ܕܬܪܥܣܪ ܕܥܠ ܪܓܬ ܙܢܝܘܬܐ"
386.txt,Philoxenos of Mabbug,"Discourse 13: On Fornication","ܡܐܡܪܐ ܕܬܠܬܥܣܪ ܕܥܠ ܙܢܝܘܬܐ"
387.txt,Anonymous,"Martyrdom of Jacob and His Sister Mary, a Covenanter","ܤܵܗܕܘܼܬܼܵܐ ܕܝܥܩܘܒ ܩܲܫܝܼܫܵܐ: ܘܲܕܼܡܲܪܝܲܡ ܚܵܬܹܗܒܲܪܬܼ ܩܝܵܡܵܐ"
388.txt,Titus of Bostra,"Against the Manichaeans","ܡܐܡܪܐ ܕܛܛܘܣ ܕܠܘܩܒܠ ܡ̈ܢܝܢܝܐ"
389.txt,,"Travels of Peter",""
391.txt,Nestorius,"The Book of Heraclides",""
392.txt,Isaac of Nineveh,"Discourse 1",""
393.txt,Isaac of Nineveh,"Discourse 2",""
394.txt,Isaac of Nineveh,"Discourse 3",""
395.txt,Isaac of Nineveh,"Discourse 4",""
396.txt,Isaac of Nineveh,"Discourse 5",""
397.txt,Isaac of Nineveh,"Discourse 6",""
398.txt,Isaac of Nineveh,"Discourse 7",""
399.txt,Isaac of Nineveh,"Discourse 8",""
400.txt,Isaac of Nineveh,"Discourse 9",""
401.txt,Isaac of Nineveh,"Discourse 10",""
402.txt,Isaac of Nineveh,"Discourse 11",""
403.txt,Isaac of Nineveh,"Discourse 12",""
404.txt,Isaac of Nineveh,"Discourse 13",""
405.txt,Isaac of Nineveh,"Discourse 14",""
406.txt,Isaac of Nineveh,"Discourse 15",""
407.txt,Isaac of Nineveh,"Discourse 16",""
408.txt,Isaac of Nineveh,"Discourse 17",""
409.txt,Isaac of Nineveh,"Discourse 18",""
410.txt,Isaac of Nineveh,"Discourse 19",""
411.txt,Isaac of Nineveh,"Discourse 20",""
412.txt,Isaac of Nineveh,"Discourse 21",""
413.txt,Isaac of Nineveh,"Discourse 22",""
414.txt,Isaac of Nineveh,"Discourse 23",""
415.txt,Isaac of Nineveh,"Discourse 24",""
416.txt,Isaac of Nineveh,"Discourse 25",""
417.txt,Isaac of Nineveh,"Discourse 26",""
418.txt,Isaac of Nineveh,"Discourse 27",""
419.txt,Isaac of Nineveh,"Discourse 28",""
420.txt,Isaac of Nineveh,"Discourse 29",""
421.txt,Isaac of Nineveh,"Discourse 30",""
422.txt,Isaac of Nineveh,"Discourse 31",""
423.txt,Isaac of Nineveh,"Discourse 32",""
424.txt,Isaac of Nineveh,"Discourse 33",""
425.txt,Isaac of Nineveh,"Discourse 34",""
426.txt,Isaac of Nineveh,"Discourse 35",""
427.txt,Isaac of Nineveh,"Discourse 36",""
428.txt,Isaac of Nineveh,"Discourse 37",""
429.txt,Isaac of Nineveh,"Discourse 38",""
430.txt,Isaac of Nineveh,"Discourse 39",""
431.txt,Isaac of Nineveh,"Discourse 40",""
432.txt,Isaac of Nineveh,"Discourse 41",""
433.txt,Isaac of Nineveh,"Discourse 42",""
434.txt,Isaac of Nineveh,"Discourse 43",""
435.txt,Isaac of Nineveh,"Discourse 44",""
436.txt,Isaac of Nineveh,"Discourse 45",""
438.txt,Isaac of Nineveh,"Discourse 47",""
439.txt,Isaac of Nineveh,"Discourse 48",""
440.txt,Isaac of Nineveh,"Discourse 49",""
441.txt,Isaac of Nineveh,"Discourse 50",""
442.txt,Isaac of Nineveh,"Discourse 51",""
443.txt,Isaac of Nineveh,"Discourse 52",""
444.txt,Isaac of Nineveh,"Discourse 53",""
445.txt,Isaac of Nineveh,"Discourse 54",""
446.txt,Isaac of Nineveh,"Discourse 55",""
447.txt,Isaac of Nineveh,"Discourse 56",""
448.txt,Isaac of Nineveh,"Discourse 57",""
449.txt,Isaac of Nineveh,"Discourse 58",""
450.txt,Isaac of Nineveh,"Discourse 59",""
451.txt,Isaac of Nineveh,"Discourse 60",""
452.txt,Isaac of Nineveh,"Discourse 61",""
453.txt,Isaac of Nineveh,"Discourse 62",""
454.txt,Isaac of Nineveh,"Discourse 63",""
455.txt,Isaac of Nineveh,"Discourse 64",""
456.txt,Isaac of Nineveh,"Discourse 65",""
457.txt,Isaac of Nineveh,"Discourse 66",""
458.txt,Isaac of Nineveh,"Discourse 67",""
459.txt,Isaac of Nineveh,"Discourse 68",""
460.txt,Isaac of Nineveh,"Discourse 69",""
461.txt,Isaac of Nineveh,"Discourse 70",""
462.txt,Isaac of Nineveh,"Discourse 71",""
463.txt,Isaac of Nineveh,"Discourse 72",""
464.txt,Isaac of Nineveh,"Discourse 73",""
465.txt,Isaac of Nineveh,"Discourse 74",""
466.txt,Isaac of Nineveh,"Discourse 75",""
467.txt,Isaac of Nineveh,"Discourse 76",""
468.txt,Isaac of Nineveh,"Discourse 77",""
469.txt,Isaac of Nineveh,"Discourse 78",""
470.txt,Isaac of Nineveh,"Discourse 79",""
471.txt,Isaac of Nineveh,"Discourse 80",""
472.txt,Isaac of Nineveh,"Discourse 81",""
473.txt,Isaac of Nineveh,"Discourse 82",""
474.txt,Moshe bar Kepha,"On the Soul","ܡܐܡܪܐ ܕܥܠ ܢܦܫܐ"
475.txt,,"Doctrine of Addai","ܡܠܦܢܘܬܐ ܕܐܕܝ ܫܠܝܚܐ"
476.txt,Eusebius of Caesarea,"Ecclesiastical History, Book 1","ܣܦܪܐ ܩܕܡܝܬܐ ܕܬܫ̈ܥܝܬܐ ܕܥܕܬܐ"
477.txt,Eusebius of Caesarea,"Ecclesiastical History, Book 2","ܣܼܦܪܐ ܕܬܪ̈ܝܢ ܕܬܫ̈ܥܝܬܐ ܕܥܕܬܐ"
478.txt,Eusebius of Caesarea,"Ecclesiastical History, Book 3","ܣܼܦܪܐ ܕܬܠܬܐ ܕܬܫ̈ܥܝܬܐ ܕܥܕܬܐ"
479.txt,Eusebius of Caesarea,"Ecclesiastical History, Book 4","ܣܦܼܪܐ ܕܐܪܒܥܐܼ ܕܬܫ̈ܝܥܬܐ ܕܥܕܬܐ"
480.txt,Eusebius of Caesarea,"Ecclesiastical History, Book 5","ܣܦܼܪܐ ܕܚܡܫܐ ܕܬܫ̈ܥܝܬܐ ܕܥܕܬܐ"
481.txt,Eusebius of Caesarea,"Ecclesiastical History, Book 7","ܣܦܪܐ ܫܒܥܐ ܕܬܫ̈ܥܝܬܐ ܕܥܕܬܐ"
482.txt,Eusebius of Caesarea,"Ecclesiastical History, Book 8","ܣܦܪܐ ܕܬܡܢܝܐ ܕܬܫ̈ܥܝܬܐ ܕܥܕܬܐ"
483.txt,Eusebius of Caesarea,"Ecclesiastical History, Book 9","ܣܦܪܐ ܕܬܫܥܐ ܕܬܫ̈ܥܝܬܐ ܕܥܕܬܐ"
484.txt,Eusebius of Caesarea,"Ecclesiastical History, Book 10","ܣܦܪܐ ܕܥܣܪܐ ܕܬܫ̈ܥܝܬܐ ܕܥܕܬܐ"
485.txt,Joshua the Stylite,"Chronicle of Ps.-Joshua the Stylite","ܡܟܬܒܢܘܬܐ ܕܬܫܥܝܬܐ ܕܙܒܢܐ ܕܐܘܠܨܢܐ ܕܗܘ̣ܐ ܒܐܘܪܗܝ ܘܒܐܡܕ ܘܒܟܠܗ̇ ܒܝܬ ܢܗܪܝܢ "
486.txt,,"History of Karka d-Beth Slok","ܬܫܥܢܬܐ ܕܟܲܪܟܼܵܐ ܕܒܹܝܬܼ ܤܠܘܿܟܼ ܘܲܕܼܤܵܗ̈ܕܹܐ ܕܒܹܗ "
487.txt,,"Life of Jacob of Serugh","ܬܫܥܝܬܐ ܕܥܠ ܩܕ݊. ܡܪܝ ܝܥܩܘܒ"
488.txt,,"Letter of Mara bar Serapion","ܐܓܪܬܐ ܕܡܪܐ ܒܪ ܣܪܦܝܘܢ "
489.txt,,"Martyrdom of Miles and his Companions","ܤܗܕܘܬܐ ܕܡܝܠܣ ܐܲܦܸܤܦܘܿܦܵܐ ܕܫܘܿܫܲܢ: ܘܕܼܵܐܒܿܘܼܪܤܵܡ ܩܲܫܝܼܫܵܐ: ܘܲܕܼܤܝܼܢܲܝ ܡܫܲܡܫܵܢܵܐ. ܒܫܘܼܪܵܝܹܗ ܕܲܪܕܼܘܼܦܝܲܢ "
490.txt,,"Life of Rabbula","ܢܨ̈ܚܢܘܗܝ ܕܡܪܝ ܪܒܘܠܐ ܐܦܣܩܦܐ ܕܐܘܪܗܝ ܡܕܝܢܬܐ ܒܪܝܟܬܐ "
491.txt,Rabbula of Edessa,"Canons of Rabbula","ܩܢ̈ܘܢܐ ܕܡܪܝ ܪܒܘܠܐ ܐܦܝܣܩܘܦܐ ܕܐܘܪܗܝ "
492.txt,Rabbula of Edessa,"Advice to Solitaries","ܙܘܗܪ̈ܐ ܡܛܠ ܕܝܪ̈ܝܐܼ "
493.txt,Rabbula of Edessa,"Precepts and Advice to Priests and Sons of the Covenant","ܦܘܩ̈ܕܢܐ ܘܙܘܗܪ̈ܐ ܕܠܘܬ ܟܗ̈ܢܐ ܘܒ̈ܢܝ ܩܿܝܡܐ "
494.txt,Rabbula of Edessa,"Letter from Rabbula to Andrew of Samosata","ܐܓܪܬܐ ܕܡܪ ܪܒܘܠܐ ܐܦܣܩܘܦܐ ܕܐܘܪܗܝ ܠܘܬ ܐܢܕܪܐܘܣ ܕܫܡܝܫܛ "
495.txt,Rabbula of Edessa,"Letter from Andrew of Samosata to Rabbula","ܕܐܢܕܪܐܘܣ ܠܘܬ ܡܪܝ ܪܒܘܠܐ "
496.txt,Rabbula of Edessa,"Part of a Letter from Rabbula to Cyril","ܡܢܬܐ ܕܐܓܪܬܐ ܕܛܘܒܢܐ ܪܒܘܠܐ ܕܐܬܟܬܒܬ ܠܘܬ ܛܘܒܢܐ ܩܘܪܠܘܣ "
497.txt,Rabbula of Edessa,"Letter from Cyril to Rabbula","ܐܓܪܬܐ ܕܛܘܒܢܐ ܩܘܪܝܠܘܣ ܕܠܘܬ ܡܪܝ ܪܒܘܠܐ "
498.txt,Rabbula of Edessa,"From the Letter of Rabbula to Gamalinus","ܡܢ ܐܓܪܬܐ ܕܠܘܬ ܓܡܠܝܢܐ ܐܦܣܩܘܦܐ ܕܦܐܪܝܢ "
499.txt,Rabbula of Edessa,"Homily of Rabbula delivered in Constantinople","ܬܘܪܓܡܐ ܕܡܠܠ ܡܪܝ ܪܒܘܠܐ ܐܦܣܩܘܦܐ ܕܐܘܪܗܝ ܒܥܕܬܐ ܕܩܘܣܛܢܛܝܢܦܘܠܝܣ ܩܕܡ ܥܡܐ ܟܠܗ "
500.txt,Rabbula of Edessa,"Supplications in the First Tone","ܬܘܒ ܟܿܬܒܝܢܢ ܬܟܫ̈ܦܬܐ ܕܟܠ ܓܢܣ ܒܬܡܢܐ ܐܟ̈ܕܝܐ ܡܢ ܩܕܡܝܐ ܠܬܡܝܢܝܐ "
501.txt,Joseph Hazzaya,"On Prayer","ܥܲܠ ܬܹܐܘܿܪܝܼܵܐ ܪܘܼܚܵܢܵܝܼܬܵܐ "
502.txt,Anton of Tagrit,"On Divine Providence","ܡܐܡܪ̈ܐ ܕܥܠ ܒܛܝܠܘܼܬܐ ܣܿܥܪܬ ܛܒ̈ܬܐ ܕܐܠܗܐ"
503.txt,Balai of Balsh,"On the Dedication of the Church as Qenneshrin","ܥܠ ܚܘܕܬܐ ܕܥܕܬܐ ܕܐܬܼܒܢܝܬ ܚܕܬܝܬ ܒܩܢܫܪܝܢ ܡܕܝܢܬܐ"
504.txt,Balai of Balsh,"On Bishop Acacius","ܥܠ ܡܪܝ ܐܩܩ ܛܘܒܢܐ ܐܦܣܩܘܦܐܚܕܬܝܬ ܒܩܢܫܪܝܢ ܡܕܝܢܬܐ"
505.txt,,"Cause of all Causes: Introduction",""
506.txt,,"Cause of all Causes: Book 1","ܡܐܡܪܐ ܩܕܡܝܐ ܕܥܠ ܝܕܥܬܐ ܕܫܪܪܐ "
507.txt,,"Cause of all Causes: Book 2","ܡܐܡܪܐ ܕܬܪܝܢ ܕܥܠ ܝܕܥܬܐ ܕܫܪܪܐ"
508.txt,,"Cause of all Causes: Book 3","ܡܐܡܪܐ ܕܬܠܬܐ ܕܥܠ ܝܼܕܥܬܐ ܕܫܪܪܐ"
509.txt,,"Cause of all Causes: Book 4","ܡܐܡܪܐ ܕܐܪܒܥܐ ܕܥܠ ܝܼܕܥܬܐ ܕܫܪܪܐ"
510.txt,,"Cause of all Causes: Book 5","ܡܐܡܪܐ ܕܚܿܡܫܐ ܥܠ ܬܘܼܩܢܐ ܕܥܿܠܡܐ"
511.txt,,"Cause of all Causes: Book 6","ܡܐܡܪܐ ܕܫܬܐ ܥܠ ܗܿܠܝܢ ܕܬܚܝܼܬ ܡܘܙܠܬܐ"
512.txt,,"Cause of all Causes: Book 7","ܡܐܡܪܐ ܕܫܒܥ ܕܥܠ ܝܕܥܬܐ ܕܫܪܪܐ"
513.txt,Simeon of Beth Arsham,"Letter of Simeon of Beth Arsham concerning Barsawma","ܐܓܪܬܐ ܕܛܘܒܢܐ ܡܪܝ ܫܡܥܘܢ ܐܦܝܣܩܘܦܐ ܕܒܝܬ ܪܫܡ ܕܟܬܒ ܡܛܠ ܒܪܨܘܡܐ "
514.txt,Thomas of Edessa,"On the Birth of the Lord Jesus Christ","ܥܠܬܐ ܕܝܠܕܗ ܕܡܪܢ ܡܫܝܚܐ ܕܒܒܣܪ"
515.txt,Barlaha,"Letter from Barlaha to Simeon on the Translation of the Psalms","ܐܓܪܬܐ ܡܚܦܛܢܝܬܐ ܕܦܘܫܩܗ ܕܟܬܒܐ ܗܢܐ ܕܐܝܬܘܗܝ ܦܘܫܩܐ ܕܡܙܡܘܪ̈ܐ ܕܡܢ ܠܫܢܐ ܝܘܢܝܐ ܠܠܫܢܐ ܣܘܪܝܝܐ"
516.txt,Barlaha,"Letter from Simeon of Mart Maryam in Response to Barlaha","ܐܓܪܬܐ ܥܢܝܢܐ ܕܝܠܗܿ ܕܐܓܪܬܐ ܗܕܐ ܕܡܢ ܡܪܝ ܒܪܠܗܐ "
517.txt,,"Chronicle of Zuqnin, Part 1",""
518.txt,,"Chronicle of Zuqnin, Part 2",""
519.txt,,"Chronicle of Zuqnin, Part 3",""
520.txt,,"Chronicle of Zuqnin, Part 4",""
521.txt,John Rufus,"Life of Peter the Iberian","ܬܫܥܝܬܐ ܕܕܘܒܪ̈ܘܗܝ ܕܩܕܝܫܐ ܦܛܪܘܣ ܐܝܒܪܝܐ"
522.txt,John Rufus,"Plerophoriae","ܦܠܝܪ̈ܦܘܪܝܣ ܐܘܟܝܬ ܣܗ̈ܕܘܬܐ ܘܓܠܝ̈ܢܐ ܕܗܘܘ ܡܢ ܐܠܗܐ ܠܘܬ ܩܕܝ̈ܫܐ"
523.txt,,"Testament of Adam","ܕܝܬܩܐ ܕܐܒܘܢ ܐܕܡ"
524.txt,,"Disputation between the Apostle Peter and Nero","ܕܕܫܐ ܕܡܪܝ ܦܛܪܘܣ ܘܕܢܐܪܘܢ ܡܠܟܐ"
525.txt,Ambrose (Ps.-Justin Martyr),"Hypomnemata: Against the Greeks","ܗܘܦܡܢܡܛܐ"
526.txt,,"Julian Romance","ܬܫܥܝ̈ܬܐ ܕܡ̈ܠܟܐ ܕܪܘܡܢܝܐ"
527.txt,Ephrem the Syrian,"First Discourse to Hypatius","ܡܺܐܡܪܳܐ ܩܰܕܡܳܝܳܐ ܕܠܽܘܩܒܰܠ ܝܽܘܠܦܳܢ̈ܶܐ ܢܟ̈ܺܝܠܶܐ"
528.txt,Ephrem the Syrian,"Second Discourse to Hypatius","ܡܺܐܡܪܳܐ ܕܰܬܪܶܝܢ ܕܠܽܘܩܒܰܠ ܝܽܘܠܦܳܢ̈ܶܐ ܢܟ̈ܺܝܠܶܐ"
529.txt,Ephrem the Syrian,"Third Discourse to Hypatius","ܡܺܐܡܪܳܐ ܕܰܬܠܳܬܳܐ ܕܠܽܘܩܒܰܠ ܝܽܘܠܦܳܢ̈ܶܐ ܢܟ̈ܺܝܠܶܐ"
530.txt,Ephrem the Syrian,"Fourth Discourse to Hypatius","ܡܺܐܡܪܳܐ ܕܰܐܪܒܥܳܐ ܕܠܽܘܩܒܰܠ ܝܽܘܠܦܳܢ̈ܶܐ ܢܟ̈ܺܝܠܶܐ"
531.txt,Ephrem the Syrian,"Fifth Discourse to Hypatius","ܡܺܐܡܪܳܐ ܕܚܰܡܫܳܐ ܕܠܽܘܩܒܰܠ ܝܽܘܠܦܳܢ̈ܶܐ ܢܟ̈ܺܝܠܶܐ"
532.txt,Ephrem the Syrian,"Against Bardaisan's Domnus","ܡܺܐܡܪܳܐ ܕܡܶܬܩܪܶܐ ܕܕܳܡܢܳܘܣ ܕܰܐܡܺܝܪ ܠܒܰܪܕܶܝܨܳܢ ܠܽܘܩܒܰܠ ܕܒܶܝܬ ܦܠܰܛܳܘܢ "
533.txt,Ephrem the Syrian,"Against Marcion","ܡܺܐܡܪܳܐ ܕܠܽܘܩܒܰܠ ܡܰܪܩܝܽܘܢ"
534.txt,Ephrem the Syrian,"Against Bardaisan","ܡܺܐܡܪܳܐ ܕܠܽܘܩܒܰܠ ܒܰܪܕܶܝܨܳܢ"
535.txt,Ephrem the Syrian,"On Virginity","ܡܺܐܡܪܳܐ ܕܡܳܪܝ̱ ܐܰܦܪܶܝܡ ܕܥܰܠ ܒܬܽܘܠܽܘܬܳܐ"
536.txt,Ephrem the Syrian,"Against Mani","ܡܺܐܡܪܳܐ ܕܠܽܘܩܒܰܠ ܡܰܢܺܝ"
537.txt,Gregorius bar Hebraeus,"Metrical Grammar","ܟܬܳܒܳܐ ܕܰܓܪܰܡܰܛܺܝܩܺܝ"
538.txt,Gregorius bar Hebraeus,"Treatise of Treatises, Book 1","ܦܪܓܡܛܝܐ ܩܕܡܝܬܐ"
539.txt,Gregorius bar Hebraeus,"Treatise of Treatises, Book 2","ܦܪܓܡܛܝܐ ܕܬܪܬܝܢ"
540.txt,Gregorius bar Hebraeus,"Treatise of Treatises, Book 3","ܦܪܓܡܛܝܐ ܕܬܠܬ"
541.txt,Timothy II,"On the Priesthood","ܥܲܠ ܫܘܼܒܼܚܵܗ̇ ܕܟܼܵܗܢܘܼܬܐ"
542.txt,Timothy II,"On the Consecration of the Church","ܡܛܠ ܩܘܼܕܵܫ ܥܕܬܐ "
543.txt,Timothy II,"On Baptism","ܡܛܠ ܫܘܼܡܠܝܐ ܕܒܝܕ ܥܡܵܕܐ ܩܕܝܫܐ"
544.txt,Timothy II,"On the Eucharist",""
545.txt,Timothy II,"On the Monastic Profession","ܡܛܠ ܫܘܼܡܠܝ ܡܢ̈ܝܼܚܢܐ"
546.txt,Timothy II,"On Funeral Rites","ܡܛܠ ܐܲܝܕܿܐ ܕܡܸܫܬܲܡܠܝܐ"
547.txt,Timothy II,"On Betrothal and Marriage Rites","ܡܛܠ ܗܿܝ ܕܐܪܙܐ ܕܡܟܼܘܼܪܝܐ ܘܫܘܡܠܝܗ"
548.txt,Eusebius of Caesarea,"Theophania","ܥܠ ܕܢܚܐ ܐܠܗܝܐ"
549.txt,Ephrem the Syrian,"Nativity 1",""
550.txt,Ephrem the Syrian,"Nativity 2",""
551.txt,Ephrem the Syrian,"Nativity 3",""
552.txt,Ephrem the Syrian,"Nativity 4",""
553.txt,Ephrem the Syrian,"Nativity 5",""
554.txt,Ephrem the Syrian,"Nativity 6",""
555.txt,Ephrem the Syrian,"Nativity 7",""
556.txt,Ephrem the Syrian,"Nativity 8",""
557.txt,Ephrem the Syrian,"Nativity 9",""
558.txt,Ephrem the Syrian,"Nativity 10",""
559.txt,Ephrem the Syrian,"Nativity 11",""
560.txt,Ephrem the Syrian,"Nativity 12",""
561.txt,Ephrem the Syrian,"Nativity 13",""
562.txt,Ephrem the Syrian,"Nativity 14",""
563.txt,Ephrem the Syrian,"Nativity 15",""
564.txt,Ephrem the Syrian,"Nativity 16",""
565.txt,Ephrem the Syrian,"Nativity 17",""
566.txt,Ephrem the Syrian,"Nativity 18",""
567.txt,Ephrem the Syrian,"Nativity 19",""
568.txt,Ephrem the Syrian,"Nativity 20",""
569.txt,Ephrem the Syrian,"Nativity 21",""
570.txt,Ephrem the Syrian,"Nativity 22",""
571.txt,Ephrem the Syrian,"Nativity 23",""
572.txt,Ephrem the Syrian,"Nativity 24",""
573.txt,Ephrem the Syrian,"Nativity 25",""
574.txt,Ephrem the Syrian,"Nativity 26",""
575.txt,Ephrem the Syrian,"Nativity 27",""
576.txt,Ephrem the Syrian,"Nativity 28",""
577.txt,,"History of Mar Qardagh","ܬܫܥܝܬܐ ܕܢܨܢܝܢܘ̈ܗܝ ܕܡܪܝ ܩܪܕܓ ܤܗܕܐ ܢܨܝܥܢܐ"
